Title,Price,Year,Link
Toyota Camry,5 700 000,2005,https://kolesa.kz/a/show/181587542
Toyota Camry,8 900 000,2010,https://kolesa.kz/a/show/181148766
Toyota Camry,5 700 000,2014,https://kolesa.kz/a/show/181362820
Toyota Camry,9 850 000,2014,https://kolesa.kz/a/show/181570687
Toyota Camry,7 200 000,2007,https://kolesa.kz/a/show/181525558
Toyota Camry,10 700 000,2013,https://kolesa.kz/a/show/181293277
Toyota Camry,6 000 000,2006,https://kolesa.kz/a/show/181546232
Toyota Camry,9 500 000,2014,https://kolesa.kz/a/show/181537348
Toyota Camry,4 200 000,2004,https://kolesa.kz/a/show/181521723
Toyota Camry,6 500 000,2007,https://kolesa.kz/a/show/181428984
Toyota Camry,10 000 000,2012,https://kolesa.kz/a/show/181464093
Toyota Camry,7 500 000,2012,https://kolesa.kz/a/show/181064663
Toyota Camry,7 300 000,2015,https://kolesa.kz/a/show/181442064
Toyota Camry,4 900 000,2003,https://kolesa.kz/a/show/181319673
Toyota Camry,5 350 000,2006,https://kolesa.kz/a/show/181602259
Toyota Camry,2 150 000,1996,https://kolesa.kz/a/show/181601842
Toyota Camry,6 500 000,2008,https://kolesa.kz/a/show/181598951
Toyota Camry,4 499 999,2004,https://kolesa.kz/a/show/170889554
Toyota Camry,10 140 000,2015,https://kolesa.kz/a/show/181029682
Toyota Camry,10 000 000,2014,https://kolesa.kz/a/show/181589258
Toyota Camry,10 180 000,2015,https://kolesa.kz/a/show/181013206
Toyota Camry,7 500 000,2015,https://kolesa.kz/a/show/181603869
Toyota Camry,5 800 000,2012,https://kolesa.kz/a/show/181307127
Toyota Camry,2 600 000,1993,https://kolesa.kz/a/show/181448332
Toyota Camry,7 000 000,2006,https://kolesa.kz/a/show/181192291
Toyota Camry,5 000 000,2010,https://kolesa.kz/a/show/181599185
Toyota Camry,9 200 000,2014,https://kolesa.kz/a/show/181470268
Toyota Camry,6 000 000,2015,https://kolesa.kz/a/show/181595315
Toyota Camry,5 700 000,2003,https://kolesa.kz/a/show/181391594
Toyota Camry,5 500 000,2005,https://kolesa.kz/a/show/179389128
Toyota Camry,5 700 000,2006,https://kolesa.kz/a/show/176695149
Toyota Camry,9 000 000,2014,https://kolesa.kz/a/show/181582948
Toyota Camry,6 800 000,2007,https://kolesa.kz/a/show/181552742
Toyota Camry,8 500 000,2014,https://kolesa.kz/a/show/181574001
Toyota Camry,7 300 000,2010,https://kolesa.kz/a/show/181574190
Toyota Camry,9 900 000,2013,https://kolesa.kz/a/show/177071215
Toyota Camry,6 800 000,2007,https://kolesa.kz/a/show/163780111
Toyota Camry,4 850 000,2003,https://kolesa.kz/a/show/181286894
Toyota Camry,4 500 000,2005,https://kolesa.kz/a/show/181279991
Toyota Camry,10 600 000,2013,https://kolesa.kz/a/show/181338953
Toyota Camry,9 500 000,2012,https://kolesa.kz/a/show/181499259
Toyota Camry,6 000 000,2005,https://kolesa.kz/a/show/181127048
Toyota Camry,4 500 000,2007,https://kolesa.kz/a/show/181311949
Toyota Camry,9 500 000,2015,https://kolesa.kz/a/show/181104537
Toyota Camry,5 900 000,2007,https://kolesa.kz/a/show/181577810
Toyota Camry,9 500 000,2012,https://kolesa.kz/a/show/181593364
Toyota Camry,8 600 000,2012,https://kolesa.kz/a/show/175185770
Toyota Camry,4 000 000,2002,https://kolesa.kz/a/show/181591193
Toyota Camry,5 200 000,2003,https://kolesa.kz/a/show/181590756
Toyota Camry,6 200 000,2005,https://kolesa.kz/a/show/181587776
Toyota Camry,7 000 000,2001,https://kolesa.kz/a/show/181577302
Toyota Camry,7 200 000,2008,https://kolesa.kz/a/show/181596575
Toyota Camry,8 200 000,2013,https://kolesa.kz/a/show/181363769
Toyota Camry,8 500 000,2014,https://kolesa.kz/a/show/181331140
Toyota Camry,11 000 000,2014,https://kolesa.kz/a/show/177793488
Toyota Camry,9 000 000,2013,https://kolesa.kz/a/show/181323497
Toyota Camry,9 500 000,2012,https://kolesa.kz/a/show/181481635
Toyota Camry,5 300 000,2007,https://kolesa.kz/a/show/176782036
Toyota Camry,6 000 000,2006,https://kolesa.kz/a/show/181587328
Toyota Camry,8 500 000,2011,https://kolesa.kz/a/show/167303038
Toyota Camry,5 250 000,2003,https://kolesa.kz/a/show/181582619
Toyota Camry,7 000 000,2009,https://kolesa.kz/a/show/181578112
Toyota Camry,4 800 000,2006,https://kolesa.kz/a/show/181395223
Toyota Camry,11 000 000,2014,https://kolesa.kz/a/show/181574081
Toyota Camry,4 800 000,2002,https://kolesa.kz/a/show/181046697
Toyota Camry,6 300 000,2007,https://kolesa.kz/a/show/180387813
Toyota Camry,4 950 000,2002,https://kolesa.kz/a/show/181603415
Toyota Camry,8 400 000,2012,https://kolesa.kz/a/show/181602094
Toyota Camry,5 000 000,2011,https://kolesa.kz/a/show/181583966
Toyota Camry,9 800 000,2014,https://kolesa.kz/a/show/181582777
Toyota Camry,7 000 000,2011,https://kolesa.kz/a/show/180892337
Toyota Camry,5 500 000,2007,https://kolesa.kz/a/show/181317019
Toyota Camry,2 500 000,1994,https://kolesa.kz/a/show/181131383
Toyota Camry,5 700 000,2014,https://kolesa.kz/a/show/180441733
Toyota Camry,8 900 000,2011,https://kolesa.kz/a/show/181531426
Toyota Camry,2 300 000,2001,https://kolesa.kz/a/show/181248691
Toyota Camry,5 500 000,2014,https://kolesa.kz/a/show/181509184
Toyota Camry,5 800 000,2011,https://kolesa.kz/a/show/181197687
Toyota Camry,1 650 000,1997,https://kolesa.kz/a/show/181158080
Toyota Camry,5 800 000,2014,https://kolesa.kz/a/show/181454383
Toyota Camry,8 300 000,2011,https://kolesa.kz/a/show/181158931
Toyota Camry,11 200 000,2014,https://kolesa.kz/a/show/181130484
Toyota Camry,3 500 000,2007,https://kolesa.kz/a/show/180994080
Toyota Camry,8 300 000,2010,https://kolesa.kz/a/show/181399477
Toyota Camry,6 600 000,2012,https://kolesa.kz/a/show/181259449
Toyota Camry,6 400 000,2014,https://kolesa.kz/a/show/181594622
Toyota Camry,5 800 000,2006,https://kolesa.kz/a/show/181589466
Toyota Camry,5 200 000,2014,https://kolesa.kz/a/show/179448711
Toyota Camry,5 500 000,2002,https://kolesa.kz/a/show/181603386
Toyota Camry,3 800 000,1998,https://kolesa.kz/a/show/181602844
Toyota Camry,4 500 000,2005,https://kolesa.kz/a/show/181507724
Toyota Camry,12 000 000,2015,https://kolesa.kz/a/show/181327209
Toyota Camry,9 300 000,2011,https://kolesa.kz/a/show/181279743
Toyota Camry,8 600 000,2012,https://kolesa.kz/a/show/181581612
Toyota Camry,6 900 000,2009,https://kolesa.kz/a/show/181125725
Toyota Camry,11 500 000,2015,https://kolesa.kz/a/show/181039169
Toyota Camry,8 800 000,2012,https://kolesa.kz/a/show/181038968?fromUserSearch=1
Toyota Camry,10 200 000,2012,https://kolesa.kz/a/show/181003203
Toyota Camry,2 200 000,2001,https://kolesa.kz/a/show/181542316
Toyota Camry,9 990 000,2015,https://kolesa.kz/a/show/180584450
Toyota Camry,6 500 000,2006,https://kolesa.kz/a/show/181502823
Toyota Camry,9 500 000,2013,https://kolesa.kz/a/show/181494853
Toyota Camry,6 400 000,2007,https://kolesa.kz/a/show/180697413
Toyota Camry,3 500 000,2002,https://kolesa.kz/a/show/181565414
Toyota Camry,5 300 000,2003,https://kolesa.kz/a/show/181328463
Toyota Camry,7 550 000,2011,https://kolesa.kz/a/show/180765592
Toyota Camry,11 000 000,2015,https://kolesa.kz/a/show/181367057
Toyota Camry,7 500 000,2010,https://kolesa.kz/a/show/181570899
Toyota Camry,7 770 000,2014,https://kolesa.kz/a/show/180249579
Toyota Camry,9 200 000,2012,https://kolesa.kz/a/show/181335917
Toyota Camry,9 200 000,2012,https://kolesa.kz/a/show/181270836
Toyota Camry,3 400 000,1999,https://kolesa.kz/a/show/180972804
Toyota Camry,5 800 000,2007,https://kolesa.kz/a/show/181584060
Toyota Camry,6 000 000,2013,https://kolesa.kz/a/show/181364970
Toyota Camry,6 800 000,2007,https://kolesa.kz/a/show/181180853
Toyota Camry,4 700 000,2004,https://kolesa.kz/a/show/181588317
Toyota Camry,7 500 000,2008,https://kolesa.kz/a/show/181485457
Toyota Camry,3 800 000,1999,https://kolesa.kz/a/show/181602712
Toyota Camry,3 100 000,2001,https://kolesa.kz/a/show/181574145
Toyota Camry,3 100 000,1999,https://kolesa.kz/a/show/181082969
Toyota Camry,5 500 000,2013,https://kolesa.kz/a/show/180582573
Toyota Camry,13 000 000,2014,https://kolesa.kz/a/show/181555325
Toyota Camry,6 500 000,2009,https://kolesa.kz/a/show/152205787
Toyota Camry,4 550 000,2007,https://kolesa.kz/a/show/181386729
Toyota Camry,5 600 000,2004,https://kolesa.kz/a/show/180961805
Toyota Camry,9 470 000,2015,https://kolesa.kz/a/show/181349480
Toyota Camry,6 700 000,2014,https://kolesa.kz/a/show/181501172
Toyota Camry,10 100 000,2014,https://kolesa.kz/a/show/181485308
Toyota Camry,6 500 000,2010,https://kolesa.kz/a/show/180794591
Toyota Camry,5 500 000,2007,https://kolesa.kz/a/show/171041689
Toyota Camry,6 700 000,2014,https://kolesa.kz/a/show/181600372
Toyota Camry,6 500 000,2006,https://kolesa.kz/a/show/181600297
Toyota Camry,9 800 000,2013,https://kolesa.kz/a/show/181600319
Toyota Camry,6 300 000,2014,https://kolesa.kz/a/show/181594677
Toyota Camry,2 500 000,1992,https://kolesa.kz/a/show/181578768
Toyota Camry,5 000 000,2003,https://kolesa.kz/a/show/181570991
Toyota Camry,4 300 000,2001,https://kolesa.kz/a/show/181560122
Toyota Camry,7 000 000,2015,https://kolesa.kz/a/show/181601556
Toyota Camry,12 200 000,2015,https://kolesa.kz/a/show/181385140
Toyota Camry,6 500 000,2006,https://kolesa.kz/a/show/181499025
Toyota Camry,9 900 000,2012,https://kolesa.kz/a/show/181446718
Toyota Camry,7 500 000,2013,https://kolesa.kz/a/show/181599804
Toyota Camry,8 200 000,2012,https://kolesa.kz/a/show/181419115
Toyota Camry,5 000 000,2003,https://kolesa.kz/a/show/154963778
Toyota Camry,8 500 000,2013,https://kolesa.kz/a/show/181084226
Toyota Camry,4 590 000,2006,https://kolesa.kz/a/show/181394879?fromUserSearch=1
Toyota Camry,8 800 000,2013,https://kolesa.kz/a/show/181550469
Toyota Camry,7 500 000,2013,https://kolesa.kz/a/show/180527039
Toyota Camry,5 530 000,2007,https://kolesa.kz/a/show/180184989
Toyota Camry,4 500 000,2006,https://kolesa.kz/a/show/181589802
Toyota Camry,5 500 000,2007,https://kolesa.kz/a/show/181232171
Toyota Camry,6 400 000,2007,https://kolesa.kz/a/show/181557995
Toyota Camry,10 000 000,2013,https://kolesa.kz/a/show/181538084
Toyota Camry,6 500 000,2014,https://kolesa.kz/a/show/181157314
Toyota Camry,4 750 000,2007,https://kolesa.kz/a/show/181505039
Toyota Camry,11 450 000,2015,https://kolesa.kz/a/show/181498035
Toyota Camry,6 300 000,2006,https://kolesa.kz/a/show/181481821
Toyota Camry,10 500 000,2015,https://kolesa.kz/a/show/181073030
Toyota Camry,10 500 000,2014,https://kolesa.kz/a/show/181036499
Toyota Camry,4 700 000,2006,https://kolesa.kz/a/show/180975556
Toyota Camry,7 800 000,2014,https://kolesa.kz/a/show/181594580
Toyota Camry,8 300 000,2012,https://kolesa.kz/a/show/181601645
Toyota Camry,6 750 000,2014,https://kolesa.kz/a/show/181381284
Toyota Camry,8 000 000,2012,https://kolesa.kz/a/show/181282559
Toyota Camry,4 650 000,2007,https://kolesa.kz/a/show/181598014
Toyota Camry,5 500 000,2013,https://kolesa.kz/a/show/172067565
Toyota Camry,6 300 000,2007,https://kolesa.kz/a/show/181587567
Toyota Camry,3 600 000,2001,https://kolesa.kz/a/show/181585194
Toyota Camry,11 000 000,2014,https://kolesa.kz/a/show/181028678
Toyota Camry,5 500 000,2004,https://kolesa.kz/a/show/181360222
Toyota Camry,8 200 000,2013,https://kolesa.kz/a/show/160587455
Toyota Camry,10 120 000,2015,https://kolesa.kz/a/show/181299019
Toyota Camry,4 900 000,2005,https://kolesa.kz/a/show/181583149
Toyota Camry,5 500 000,2003,https://kolesa.kz/a/show/181583090
Toyota Camry,8 000 000,2010,https://kolesa.kz/a/show/181564390
Toyota Camry,6 300 000,2013,https://kolesa.kz/a/show/181333308
Toyota Camry,9 800 000,2012,https://kolesa.kz/a/show/181308824
Toyota Camry,3 500 000,1997,https://kolesa.kz/a/show/181308665
Toyota Camry,10 350 000,2012,https://kolesa.kz/a/show/181226869
Toyota Camry,4 800 000,2003,https://kolesa.kz/a/show/174832747
Toyota Camry,5 300 000,2005,https://kolesa.kz/a/show/181502226
Toyota Camry,9 000 000,2011,https://kolesa.kz/a/show/181121685
Toyota Camry,6 100 000,2013,https://kolesa.kz/a/show/181153801
Toyota Camry,4 900 000,2006,https://kolesa.kz/a/show/181469752
Toyota Camry,4 900 000,2002,https://kolesa.kz/a/show/181466923
Toyota Camry,5 500 000,2007,https://kolesa.kz/a/show/181599040
Toyota Camry,8 500 000,2010,https://kolesa.kz/a/show/181592905
Toyota Camry,11 700 000,2014,https://kolesa.kz/a/show/181591893
Toyota Camry,10 430 000,2015,https://kolesa.kz/a/show/180438000?fromUserSearch=1
Toyota Camry,3 400 000,1998,https://kolesa.kz/a/show/181601040
Toyota Camry,6 000 000,2006,https://kolesa.kz/a/show/181334913
Toyota Camry,6 500 000,2007,https://kolesa.kz/a/show/181304151
Toyota Camry,5 700 000,2006,https://kolesa.kz/a/show/181279433
Toyota Camry,4 800 000,2002,https://kolesa.kz/a/show/181579754
Toyota Camry,6 300 000,2008,https://kolesa.kz/a/show/178232028
Toyota Camry,6 000 000,2006,https://kolesa.kz/a/show/180981947
Toyota Camry,1 300 000,1993,https://kolesa.kz/a/show/181568321
Toyota Camry,6 000 000,2012,https://kolesa.kz/a/show/180816295
Toyota Camry,11 000 000,2015,https://kolesa.kz/a/show/181253067
Toyota Camry,7 000 000,2007,https://kolesa.kz/a/show/181563603
Toyota Camry,10 500 000,2013,https://kolesa.kz/a/show/180964176
Toyota Camry,5 800 000,2008,https://kolesa.kz/a/show/180677285
Toyota Camry,6 200 000,2007,https://kolesa.kz/a/show/181600779
Toyota Camry,9 100 000,2014,https://kolesa.kz/a/show/181380951
Toyota Camry,8 000 000,2014,https://kolesa.kz/a/show/181579296
Toyota Camry,6 300 000,2015,https://kolesa.kz/a/show/181336162
Toyota Camry,6 300 000,2007,https://kolesa.kz/a/show/181566323
Toyota Camry,5 500 000,1998,https://kolesa.kz/a/show/181565804
Toyota Camry,10 500 000,2012,https://kolesa.kz/a/show/181226914
Toyota Camry,7 500 000,2012,https://kolesa.kz/a/show/181512007
Toyota Camry,7 500 000,2011,https://kolesa.kz/a/show/181019085
Toyota Camry,2 900 000,2000,https://kolesa.kz/a/show/181002267
Toyota Camry,5 500 000,2002,https://kolesa.kz/a/show/181344186
Toyota Camry,5 700 000,2006,https://kolesa.kz/a/show/181301556
Toyota Camry,5 800 000,2012,https://kolesa.kz/a/show/171281387
Toyota Camry,2 500 000,1997,https://kolesa.kz/a/show/181598846
Toyota Camry,2 300 000,1997,https://kolesa.kz/a/show/181598682
Toyota Camry,6 500 000,2005,https://kolesa.kz/a/show/181592393
Toyota Camry,7 000 000,2015,https://kolesa.kz/a/show/181076842
Toyota Camry,6 000 000,2013,https://kolesa.kz/a/show/181434349
Toyota Camry,8 500 000,2013,https://kolesa.kz/a/show/181585985
Toyota Camry,5 900 000,2007,https://kolesa.kz/a/show/181407651
Toyota Camry,6 900 000,2012,https://kolesa.kz/a/show/177524253
Toyota Camry,5 100 000,2000,https://kolesa.kz/a/show/181564388
Toyota Camry,6 000 000,2013,https://kolesa.kz/a/show/175236203
Toyota Camry,6 000 000,2015,https://kolesa.kz/a/show/181392934
Toyota Camry,5 000 000,2012,https://kolesa.kz/a/show/181568772
Toyota Camry,9 500 000,2015,https://kolesa.kz/a/show/181585866
Toyota Camry,1 800 000,1993,https://kolesa.kz/a/show/181585287
Toyota Camry,5 900 000,2009,https://kolesa.kz/a/show/181583384
Toyota Camry,6 100 000,2008,https://kolesa.kz/a/show/181566587
Toyota Camry,10 700 000,2012,https://kolesa.kz/a/show/181534856
Toyota Camry,6 450 000,2007,https://kolesa.kz/a/show/181575680
Toyota Camry,4 000 000,2003,https://kolesa.kz/a/show/181532237
Toyota Camry,5 800 000,2004,https://kolesa.kz/a/show/181553660
Toyota Camry,5 650 000,2010,https://kolesa.kz/a/show/181086283
Toyota Camry,9 300 000,2012,https://kolesa.kz/a/show/181054403
Toyota Camry,8 200 000,2012,https://kolesa.kz/a/show/180148358
Toyota Camry,5 500 000,2015,https://kolesa.kz/a/show/181018175
Toyota Camry,6 600 000,2008,https://kolesa.kz/a/show/180997120
Toyota Camry,9 080 000,2014,https://kolesa.kz/a/show/179197991
Toyota Camry,3 230 000,1997,https://kolesa.kz/a/show/180553216
Toyota Camry,2 500 000,2000,https://kolesa.kz/a/show/181599211
Toyota Camry,7 000 000,2007,https://kolesa.kz/a/show/180683035
Toyota Camry,11 200 000,2014,https://kolesa.kz/a/show/181509369
Toyota Camry,7 000 000,2014,https://kolesa.kz/a/show/181571310
Toyota Camry,2 000 000,1994,https://kolesa.kz/a/show/181574798
Toyota Camry,4 500 000,2002,https://kolesa.kz/a/show/181266412
Toyota Camry,5 500 000,2013,https://kolesa.kz/a/show/181563568
Toyota Camry,6 000 000,2007,https://kolesa.kz/a/show/181305662
Toyota Camry,7 400 000,2010,https://kolesa.kz/a/show/181493464
Toyota Camry,1 698 285,1996,https://kolesa.kz/a/show/181051303
Toyota Camry,9 100 000,2013,https://kolesa.kz/a/show/181439835
Toyota Camry,5 700 000,2008,https://kolesa.kz/a/show/181430858
Toyota Camry,7 800 000,2010,https://kolesa.kz/a/show/181329407
Toyota Camry,9 300 000,2013,https://kolesa.kz/a/show/181596855
Toyota Camry,6 000 000,2014,https://kolesa.kz/a/show/177009757
Toyota Camry,4 300 000,2007,https://kolesa.kz/a/show/181253974
Toyota Camry,6 000 000,2011,https://kolesa.kz/a/show/181574345
Toyota Camry,5 200 000,2007,https://kolesa.kz/a/show/181567281
Toyota Camry,12 000 000,2014,https://kolesa.kz/a/show/180936050
Toyota Camry,7 300 000,2011,https://kolesa.kz/a/show/181519488
Toyota Camry,4 300 000,2003,https://kolesa.kz/a/show/180953364
Toyota Camry,9 500 000,2013,https://kolesa.kz/a/show/181312414
Toyota Camry,4 500 000,2006,https://kolesa.kz/a/show/181499163
Toyota Camry,6 700 000,2011,https://kolesa.kz/a/show/181582471
Toyota Camry,4 700 000,2004,https://kolesa.kz/a/show/181576476
Toyota Camry,6 850 000,2011,https://kolesa.kz/a/show/181565653
Toyota Camry,3 000 000,1999,https://kolesa.kz/a/show/177719283
Toyota Camry,9 200 000,2013,https://kolesa.kz/a/show/181128054
Toyota Camry,4 500 000,2004,https://kolesa.kz/a/show/180339223
Toyota Camry,5 400 000,2007,https://kolesa.kz/a/show/181416363
Toyota Camry,6 000 000,2006,https://kolesa.kz/a/show/181072862
Toyota Camry,8 300 000,2012,https://kolesa.kz/a/show/181013952
Toyota Camry,6 600 000,2010,https://kolesa.kz/a/show/181429685
Toyota Camry,3 800 000,2001,https://kolesa.kz/a/show/180723174
Toyota Camry,8 800 000,2013,https://kolesa.kz/a/show/181599212
Toyota Camry,10 950 000,2013,https://kolesa.kz/a/show/180933150
Toyota Camry,6 300 000,2007,https://kolesa.kz/a/show/181539611
Toyota Camry,4 800 000,2004,https://kolesa.kz/a/show/181237428
Toyota Camry,5 550 000,2007,https://kolesa.kz/a/show/181211561
Toyota Camry,5 000 000,2010,https://kolesa.kz/a/show/181563385
Toyota Camry,5 900 000,2014,https://kolesa.kz/a/show/181024595
Toyota Camry,11 750 000,2014,https://kolesa.kz/a/show/180984727
Toyota Camry,10 000 000,2012,https://kolesa.kz/a/show/181521202
Toyota Camry,9 000 000,2013,https://kolesa.kz/a/show/181489290
Toyota Camry,9 850 000,2015,https://kolesa.kz/a/show/179492821
Toyota Camry,5 600 000,2003,https://kolesa.kz/a/show/181564176
Toyota Camry,8 699 000,2013,https://kolesa.kz/a/show/181419900
Toyota Camry,6 500 000,2013,https://kolesa.kz/a/show/180140763
Toyota Camry,5 700 000,2006,https://kolesa.kz/a/show/181348272
Toyota Camry,8 000 000,2010,https://kolesa.kz/a/show/181314197
Toyota Camry,4 000 000,2001,https://kolesa.kz/a/show/181580712
Toyota Camry,4 700 000,2002,https://kolesa.kz/a/show/181576287
Toyota Camry,5 850 000,2008,https://kolesa.kz/a/show/181570123
Toyota Camry,8 900 000,2011,https://kolesa.kz/a/show/181202381
Toyota Camry,6 800 000,2010,https://kolesa.kz/a/show/181564885
Toyota Camry,13 000 000,2015,https://kolesa.kz/a/show/181561844
Toyota Camry,5 700 000,2014,https://kolesa.kz/a/show/181558020
